province,year,nationalOrPovince,party,votes,percent,seats
ZA,2019,N,African National Congress (ANC),10026475,57.5,230
ZA,2019,N,Democratic Alliance (DA),3621295,20.8,84
ZA,2019,N,Economic Freedom Fighters (EFF),1882480,10.8,44
ZA,2019,N,Inkatha Freedom Party (IFP),588839,3.4,14
ZA,2019,P,African National Congress (ANC),9380938,55.7,255
ZA,2019,P,Democratic Alliance (DA),3697884,21.9,89
ZA,2019,P,Economic Freedom Fighters (EFF),1914642,11.4,50
ZA,2019,P,Inkatha Freedom Party (IFP),633854,3.8,14
EC,2019,N,African National Congress (ANC),1399455,69.3,18
EC,2019,N,Democratic Alliance (DA),303309,15,4
EC,2019,N,Economic Freedom Fighters (EFF),155899,7.7,2
EC,2019,P,African National Congress (ANC),1357137,68.7,44
EC,2019,P,Democratic Alliance (DA),310538,15.7,10
EC,2019,P,Economic Freedom Fighters (EFF),154821,7.8,5
FS,2019,N,African National Congress (ANC),570980,63,8
FS,2019,N,Democratic Alliance (DA),153450,16.9,2
FS,2019,N,Economic Freedom Fighters (EFF),105228,11.6,1
FS,2019,P,African National Congress (ANC),541535,61.1,19
FS,2019,P,Democratic Alliance (DA),155694,17.6,6
FS,2019,P,Economic Freedom Fighters (EFF),111427,12.6,4
FS,2019,P,Vryheidsfront Plus (VF Plus),35031,4,1
GT,2019,N,African National Congress (ANC),2413979,53.2,26
GT,2019,N,Democratic Alliance (DA),1112990,24.5,12
GT,2019,N,Economic Freedom Fighters (EFF),613704,13.5,7
GT,2019,N,Vryheidsfront Plus (VF Plus),175152,3.9,2
GT,2019,P,African National Congress (ANC),2168253,50.2,37
GT,2019,P,Democratic Alliance (DA),1185743,27.4,20
GT,2019,P,Economic Freedom Fighters (EFF),634387,14.7,11
GT,2019,P,Vryheidsfront Plus (VF Plus),153844,3.6,3
NL,2019,N,African National Congress (ANC),2026069,55.5,24
NL,2019,N,Inkatha Freedom Party (IFP),532563,14.6,6
NL,2019,N,Democratic Alliance (DA),520169,14.2,6
NL,2019,N,Economic Freedom Fighters (EFF),363832,10,4
NL,2019,P,African National Congress (ANC),1951027,54.2,44
NL,2019,P,Inkatha Freedom Party (IFP),588046,16.3,13
NL,2019,P,Democratic Alliance (DA),500051,13.9,11
NL,2019,P,Economic Freedom Fighters (EFF),349361,9.7,8
NL,2019,P,National Freedom Party (NFP),56587,1.6,1
NP,2019,N,African National Congress (ANC),1163091,77,15
NP,2019,N,Economic Freedom Fighters (EFF),198439,13.1,3
NP,2019,N,Democratic Alliance (DA),81066,5.4,1
NP,2019,P,African National Congress (ANC),1096300,75.5,38
NP,2019,P,Economic Freedom Fighters (EFF),209488,14.4,7
NP,2019,P,Democratic Alliance (DA),78360,5.4,3
MP,2019,N,African National Congress (ANC),918756,72.2,12
MP,2019,N,Economic Freedom Fighters (EFF),146426,11.5,2
MP,2019,N,Democratic Alliance (DA),116050,9.1,1
MP,2019,P,African National Congress (ANC),858589,70.6,22
MP,2019,P,Economic Freedom Fighters (EFF),155573,12.8,4
MP,2019,P,Democratic Alliance (DA),118915,9.8,3
NC,2019,N,African National Congress (ANC),239221,58.2,3
NC,2019,N,Democratic Alliance (DA),99977,24.3,1
NC,2019,N,Economic Freedom Fighters (EFF),39879,9.7,1
NC,2019,P,African National Congress (ANC),228265,57.5,18
NC,2019,P,Democratic Alliance (DA),101198,25.5,8
NC,2019,P,Economic Freedom Fighters (EFF),38527,9.7,3
NW,2019,N,African National Congress (ANC),633223,63.7,9
NW,2019,N,Economic Freedom Fighters (EFF),169880,17.1,2
NW,2019,N,Democratic Alliance (DA),112417,11.3,2
NW,2019,P,African National Congress (ANC),590777,61.9,21
NW,2019,P,Economic Freedom Fighters (EFF),177983,18.6,6
NW,2019,P,Democratic Alliance (DA),106738,11.2,4
NW,2019,P,Vryheidsfront Plus (VF Plus),41266,4.3,2
WC,2019,N,Democratic Alliance (DA),1107065,52.4,13
WC,2019,N,African National Congress (ANC),659548,31.2,7
WC,2019,N,Economic Freedom Fighters (EFF),88428,4.2,1
WC,2019,P,Democratic Alliance (DA),1140647,55.4,24
WC,2019,P,African National Congress (ANC),589055,28.6,12
WC,2019,P,Economic Freedom Fighters (EFF),83075,4,2
WC,2019,P,GOOD (GOOD),61971,3,1
WC,2019,P,Vryheidsfront Plus (VF Plus),32115,1.6,1
ZA,2014,N,African National Congress (ANC),11436921,62.1,249
ZA,2014,N,Democratic Alliance (DA),4091584,22.2,89
ZA,2014,N,Economic Freedom Fighters (EFF),1169259,6.4,25
ZA,2014,N,National Freedom Party (NFP),288742,1.6,6
ZA,2014,P,African National Congress (ANC),10958634,61.4,276
ZA,2014,P,Democratic Alliance (DA),4089215,22.9,91
ZA,2014,P,Economic Freedom Fighters (EFF),1130640,6.3,30
EC,2014,N,African National Congress (ANC),1587338,70.8,19
EC,2014,N,Democratic Alliance (DA),356050,15.9,4
EC,2014,N,United Democratic Movement (UDM),118645,5.3,2
EC,2014,N,Economic Freedom Fighters (EFF),84783,3.8,1
EC,2014,P,African National Congress (ANC),1528345,70.1,45
EC,2014,P,Democratic Alliance (DA),353316,16.2,10
EC,2014,P,United Democratic Movement (UDM),134280,6.2,4
EC,2014,P,Economic Freedom Fighters (EFF),75776,3.5,2
FS,2014,N,African National Congress (ANC),721126,69.7,8
FS,2014,N,Democratic Alliance (DA),167972,16.2,2
FS,2014,N,Economic Freedom Fighters (EFF),81559,7.9,1
FS,2014,P,African National Congress (ANC),708720,69.8,22
FS,2014,P,Democratic Alliance (DA),164672,16.2,5
FS,2014,P,Economic Freedom Fighters (EFF),82674,8.1,2
GT,2014,N,African National Congress (ANC),2522012,54.9,27
GT,2014,N,Democratic Alliance (DA),1309862,28.5,14
GT,2014,N,Economic Freedom Fighters (EFF),471074,10.3,5
GT,2014,N,Vryheidsfront Plus (VF Plus),58122,1.3,1
GT,2014,P,African National Congress (ANC),2348564,53.6,40
GT,2014,P,Democratic Alliance (DA),1349001,30.8,23
GT,2014,P,Economic Freedom Fighters (EFF),451318,10.3,8
NL,2014,N,African National Congress (ANC),2530827,65.3,27
NL,2014,N,Democratic Alliance (DA),517461,13.4,5
NL,2014,N,Inkatha Freedom Party (IFP),393949,10.2,4
NL,2014,N,National Freedom Party (NFP),249118,6.4,3
NL,2014,P,African National Congress (ANC),2475041,64.5,52
NL,2014,P,Democratic Alliance (DA),489430,12.8,10
NL,2014,P,Inkatha Freedom Party (IFP),416496,10.9,9
NL,2014,P,National Freedom Party (NFP),280425,7.3,6
NP,2014,N,African National Congress (ANC),1202905,79,16
NP,2014,N,Economic Freedom Fighters (EFF),156488,10.3,2
NP,2014,N,Democratic Alliance (DA),100562,6.6,1
NP,2014,P,African National Congress (ANC),1149348,78.6,39
NP,2014,P,Economic Freedom Fighters (EFF),156982,10.7,6
NP,2014,P,Democratic Alliance (DA),94724,6.5,3
MP,2014,N,African National Congress (ANC),1091642,78.8,13
MP,2014,N,Democratic Alliance (DA),139158,10,1
MP,2014,N,Economic Freedom Fighters (EFF),85203,6.2,1
MP,2014,P,African National Congress (ANC),1045409,78.2,24
MP,2014,P,Democratic Alliance (DA),138990,10.4,3
MP,2014,P,Economic Freedom Fighters (EFF),83589,6.3,2
NC,2014,N,African National Congress (ANC),278540,63.9,4
NC,2014,N,Democratic Alliance (DA),101882,23.4,1
NC,2014,P,African National Congress (ANC),272053,64.4,20
NC,2014,P,Democratic Alliance (DA),100916,23.9,7
NC,2014,P,Economic Freedom Fighters (EFF),20951,5,2
NC,2014,P,Congress of the People (COPE),15214,3.6,1
NW,2014,N,African National Congress (ANC),763804,67.8,9
NW,2014,N,Democratic Alliance (DA),141902,12.6,2
NW,2014,N,Economic Freedom Fighters (EFF),141150,12.5,2
NW,2014,P,African National Congress (ANC),733490,67.4,20
NW,2014,P,Economic Freedom Fighters (EFF),143765,13.2,5
NW,2014,P,Democratic Alliance (DA),138521,12.7,4
WC,2014,N,Democratic Alliance (DA),1241424,57.3,14
WC,2014,N,African National Congress (ANC),737219,34,8
WC,2014,P,Democratic Alliance (DA),1259645,59.4,26
WC,2014,P,African National Congress (ANC),697664,32.9,14
ZA,2009,N,African National Congress (ANC),11650748,65.9,264
ZA,2009,N,Democratic Alliance (DA),2945829,16.7,67
ZA,2009,N,Congress of the People (COPE),1311027,7.4,30
ZA,2009,N,Inkatha Freedom Party (IFP),804260,4.5,18
ZA,2009,P,African National Congress (ANC),11168125,65.1,292
ZA,2009,P,Democratic Alliance (DA),2873502,16.7,65
ZA,2009,P,Congress of the People (COPE),1256133,7.3,36
ZA,2009,P,Inkatha Freedom Party (IFP),857395,5,19
EC,2009,N,African National Congress (ANC),1609926,69.7,19
EC,2009,N,Congress of the People (COPE),307437,13.3,3
EC,2009,N,Democratic Alliance (DA),230187,10,3
EC,2009,N,United Democratic Movement (UDM),91227,3.9,1
EC,2009,P,African National Congress (ANC),1552676,68.8,44
EC,2009,P,Congress of the People (COPE),308439,13.7,9
EC,2009,P,Democratic Alliance (DA),225310,10,6
EC,2009,P,United Democratic Movement (UDM),93196,4.1,3
FS,2009,N,African National Congress (ANC),756287,71.9,9
FS,2009,N,Democratic Alliance (DA),127259,12.1,2
FS,2009,N,Congress of the People (COPE),116852,11.1,1
FS,2009,N,Vryheidsfront Plus (VF Plus),16929,1.6,0
FS,2009,P,African National Congress (ANC),734688,71.1,22
FS,2009,P,Congress of the People (COPE),120018,11.6,4
FS,2009,P,Democratic Alliance (DA),119844,11.6,3
GT,2009,N,African National Congress (ANC),2814277,64.8,31
GT,2009,N,Democratic Alliance (DA),924211,21.3,10
GT,2009,N,Congress of the People (COPE),337931,7.8,4
GT,2009,P,African National Congress (ANC),2662013,64,47
GT,2009,P,Democratic Alliance (DA),908616,21.9,16
GT,2009,P,Congress of the People (COPE),323327,7.8,6
GT,2009,P,Vryheidsfront Plus (VF Plus),67660,1.6,1
NL,2009,N,African National Congress (ANC),2256248,64,26
NL,2009,N,Inkatha Freedom Party (IFP),723940,20.5,8
NL,2009,N,Democratic Alliance (DA),364518,10.3,4
NL,2009,P,African National Congress (ANC),2192516,62.9,51
NL,2009,P,Inkatha Freedom Party (IFP),780027,22.4,18
NL,2009,P,Democratic Alliance (DA),318559,9.1,7
NL,2009,P,Congress of the People (COPE),44890,1.3,1
NP,2009,N,African National Congress (ANC),1319659,85.3,17
NP,2009,N,Congress of the People (COPE),111651,7.2,1
NP,2009,N,Democratic Alliance (DA),57418,3.7,1
NP,2009,P,African National Congress (ANC),1265631,84.9,43
NP,2009,P,Congress of the People (COPE),112325,7.5,4
NP,2009,P,Democratic Alliance (DA),51856,3.5,2
MP,2009,N,African National Congress (ANC),1152698,85.8,14
MP,2009,N,Democratic Alliance (DA),102039,7.6,1
MP,2009,P,African National Congress (ANC),1110190,85.5,27
MP,2009,P,Democratic Alliance (DA),97204,7.5,2
NC,2009,N,African National Congress (ANC),253264,61.1,3
NC,2009,N,Congress of the People (COPE),66082,15.9,1
NC,2009,N,Democratic Alliance (DA),54215,13.1,1
NC,2009,N,Independent Democrats (ID),19584,4.7,0
NC,2009,P,African National Congress (ANC),245699,60.8,19
NC,2009,P,Congress of the People (COPE),67416,16.7,5
NC,2009,P,Democratic Alliance (DA),50817,12.6,4
NC,2009,P,Independent Democrats (ID),19995,4.9,2
NW,2009,N,African National Congress (ANC),822166,73.8,11
NW,2009,N,Democratic Alliance (DA),96850,8.7,1
NW,2009,N,Congress of the People (COPE),93898,8.4,1
NW,2009,N,United Christian Democratic Party (UCDP),43855,3.9,1
NW,2009,P,African National Congress (ANC),783794,72.9,25
NW,2009,P,Congress of the People (COPE),89573,8.3,3
NW,2009,P,Democratic Alliance (DA),88728,8.3,3
NW,2009,P,United Christian Democratic Party (UCDP),56678,5.3,2
WC,2009,N,Democratic Alliance (DA),989132,48.8,12
WC,2009,N,African National Congress (ANC),666223,32.9,8
WC,2009,N,Congress of the People (COPE),183763,9.1,2
WC,2009,N,Independent Democrats (ID),91001,4.5,1
WC,2009,N,African Christian Democratic Party (ACDP),32849,1.6,0
WC,2009,P,Democratic Alliance (DA),1012568,51.5,22
WC,2009,P,African National Congress (ANC),620918,31.6,14
WC,2009,P,Congress of the People (COPE),152356,7.7,3
WC,2009,P,Independent Democrats (ID),92116,4.7,2