country,year,province,party,votes,percent,seats
ZA,2019,N,Registered Electors,26756649,,
ZA,2019,N,Voters,17671615,66.0,
ZA,2019,N,Invalid (Spoilt) Votes,235472,1.3,
ZA,2019,N,Valid Votes,17436143,98.7,
ZA,2019,N,African National Congress (ANC),10026475,57.5,230
ZA,2019,N,Democratic Alliance (DA),3621295,20.8,84
ZA,2019,N,Economic Freedom Fighters (EFF),1882480,10.8,44
ZA,2019,N,Inkatha Freedom Party (IFP),588839,3.4,14
ZA,2019,N,Vryheidsfront Plus (VF Plus),414864,2.4,10
ZA,2019,N,African Christian Democratic Party (ACDP),146262,0.8,4
ZA,2019,N,United Democratic Movement (UDM),78030,0.4,2
ZA,2019,N,African Transformation Movement (ATM),76830,0.4,2
ZA,2019,N,GOOD (GOOD),70408,0.4,2
ZA,2019,N,National Freedom Party (NFP),61220,0.4,2
ZA,2019,N,African Independent Congress (AIC),48107,0.3,2
ZA,2019,N,Congress of the People (COPE),47461,0.3,2
ZA,2019,N,Pan Africanist Congress of Azania (PAC),32677,0.2,1
ZA,2019,N,Al Jama-ah (ALJAMA),31468,0.2,1
ZA,2019,N,African Security Congress (ASC),26262,0.2,
ZA,2019,N,Socialist Revolutionary Workers Party (SRWP),24439,0.1,
ZA,2019,N,Black First Land First (BLF),19796,0.1,
ZA,2019,N,African People's Convention (APC),19593,0.1,
ZA,2019,N,Afrikan Alliance of Social Democrats (AASD),18834,0.1,
ZA,2019,N,Capitalist Party of South Africa (ZACP),15915,0.1,
ZA,2019,N,Alliance for Transformation for All (ATA),14266,0.1,
ZA,2019,N,Agang South Africa (AGANG SA),13856,0.1,
ZA,2019,N,Azanian People's Organisation (AZAPO),12823,0.1,
ZA,2019,N,Independent Civic Organisation of South Africa (ICOSA),12386,0.1,
ZA,2019,N,Minority Front (MF),11961,0.1,
ZA,2019,N,Democratic Liberal Congress (DLC),10660,0.1,
ZA,2019,N,Better Residents Association (BRA),9179,0.1,
ZA,2019,N,Forum 4 Service Delivery (F4SD),7564,0.0,
ZA,2019,N,Front Nasionaal/Front National (FN),7144,0.0,
ZA,2019,N,Land Party (LAND),7074,0.0,
ZA,2019,N,African Covenant (ACO),7019,0.0,
ZA,2019,N,Patriotic Alliance (PA),6660,0.0,
ZA,2019,N,African Democratic Change (ADEC),6499,0.0,
ZA,2019,N,Economic Emancipation Forum (ECOFORUM),6321,0.0,
ZA,2019,N,Women Forward (WF),6108,0.0,
ZA,2019,N,Christian Political Movement (CPM),4980,0.0,
ZA,2019,N,African Content Movement (ACM),4841,0.0,
ZA,2019,N,International Revelation Congress (IRC),4247,0.0,
ZA,2019,N,National People's Front (NAPF),4019,0.0,
ZA,2019,N,African Renaissance Unity (ARU),3860,0.0,
ZA,2019,N,African Congress of Democrats (A.C.D.),3768,0.0,
ZA,2019,N,South African National Congress of Traditional Authorities (SANCOTA),3714,0.0,
ZA,2019,N,Compatriots of South Africa (CSA),3406,0.0,
ZA,2019,N,People's Revolutionary Movement (PRM),2844,0.0,
ZA,2019,N,Power of Africans Unity (PAU),2685,0.0,
ZA,2019,N,Free Democrats (FREE DEMS),2580,0.0,
ZA,2019,N,South African Maintenance and Estate Beneficiaries Association (SAMEBA),2445,0.0,
ZA,2019,N,National Peoples Ambassadors (NPA),1979,0.0,
ZA,2019,P,Registered Electors,26749557,,
ZA,2019,P,Voters,17060330,63.8,
ZA,2019,P,Invalid (Spoilt) Votes,204847,1.2,
ZA,2019,P,Valid Votes,16855483,98.8,
ZA,2019,P,African National Congress (ANC),9380938,55.7,255
ZA,2019,P,Democratic Alliance (DA),3697884,21.9,89
ZA,2019,P,Economic Freedom Fighters (EFF),1914642,11.4,50
ZA,2019,P,Inkatha Freedom Party (IFP),633854,3.8,14
ZA,2019,P,Vryheidsfront Plus (VF Plus),345798,2.1,11
ZA,2019,P,African Christian Democratic Party (ACDP),132916,0.8,3
ZA,2019,P,African Transformation Movement (ATM),86750,0.5,2
ZA,2019,P,United Democratic Movement (UDM),75940,0.5,2
ZA,2019,P,GOOD (GOOD),85504,0.5,1
ZA,2019,P,National Freedom Party (NFP),65195,0.4,1
ZA,2019,P,Al Jama-ah (ALJAMA),38119,0.2,1
ZA,2019,P,Minority Front (MF),18864,0.1,1
ZA,2019,P,African Independent Congress (AIC),48422,0.3,
ZA,2019,P,Congress of the People (COPE),41837,0.2,
ZA,2019,P,Pan Africanist Congress of Azania (PAC),31950,0.2,
ZA,2019,P,Socialist Revolutionary Workers Party (SRWP),24719,0.1,
ZA,2019,P,African People's Convention (APC),22781,0.1,
ZA,2019,P,Alliance for Transformation for All (ATA),16889,0.1,
ZA,2019,P,Democratic Liberal Congress (DLC),13698,0.1,
ZA,2019,P,Azanian People's Organisation (AZAPO),13675,0.1,
ZA,2019,P,Black First Land First (BLF),13328,0.1,
ZA,2019,P,Independent Civic Organisation of South Africa (ICOSA),11006,0.1,
ZA,2019,P,Agang South Africa (AGANG SA),10570,0.1,
ZA,2019,P,Better Residents Association (BRA),9988,0.1,
ZA,2019,P,Cape Party/ Kaapse Party (CAPE),9331,0.1,
ZA,2019,P,Justice and Employment Party (JEP),8156,0.0,
ZA,2019,P,African Covenant (ACO),7325,0.0,
ZA,2019,P,Patriotic Alliance (PA),7029,0.0,
ZA,2019,P,Land Party (LAND),6664,0.0,
ZA,2019,P,African Content Movement (ACM),6199,0.0,
ZA,2019,P,Forum 4 Service Delivery (F4SD),5320,0.0,
ZA,2019,P,United Christian Democratic Party (UCDP),4628,0.0,
ZA,2019,P,Plaaslike Besorgde Inwoners (PBI),4386,0.0,
ZA,2019,P,African Democratic Change (ADEC),4264,0.0,
ZA,2019,P,Women Forward (WF),4185,0.0,
ZA,2019,P,International Revelation Congress (IRC),3867,0.0,
ZA,2019,P,National People's Front (NAPF),3562,0.0,
ZA,2019,P,South African National Congress of Traditional Authorities (SANCOTA),3519,0.0,
ZA,2019,P,Khoisan Revolution (KSR),2844,0.0,
ZA,2019,P,People's Revolutionary Movement (PRM),2762,0.0,
ZA,2019,P,African Renaissance Unity (ARU),2700,0.0,
ZA,2019,P,The Green Party of South Africa (GPGP),2613,0.0,
ZA,2019,P,Bolsheviks Party of South Africa (BPSA),2088,0.0,
ZA,2019,P,South African Maintenance and Estate Beneficiaries Association (SAMEBA),2045,0.0,
ZA,2019,P,Civic Warriors of Maruleng,2043,0.0,
ZA,2019,P,Afrikan Alliance of Social Democrats (AASD),2006,0.0,
ZA,2019,P,Dienslewerings Party (DLRP),1703,0.0,
ZA,2019,P,Economic Emancipation Forum (ECOFORUM),1700,0.0,
ZA,2019,P,African Mantungwa Community (AC),1594,0.0,
ZA,2019,P,Karoo Democratic Force (KDF),1512,0.0,
ZA,2019,P,Power of Africans Unity (PAU),1417,0.0,
ZA,2019,P,National Peoples Ambassadors (NPA),1294,0.0,
ZA,2019,P,Sindawonye Progressive Party (SPP),1205,0.0,
ZA,2019,P,Ximoko Party (XP),1163,0.0,
ZA,2019,P,Gazankulu Liberation Congress (GLC),1134,0.0,
ZA,2019,P,Christian Political Movement (CPM),1016,0.0,
ZA,2019,P,National Religious Freedom Party (NRFP),896,0.0,
ZA,2019,P,Gaza Movement for Change (GMC),831,0.0,
ZA,2019,P,People's Republic of South Africa (PROSA),710,0.0,
ZA,2019,P,Magoshi Swaranang Movement (MSM),651,0.0,
ZA,2019,P,African Change Academy (A.C.A.),634,0.0,
ZA,2019,P,Aboriginal Khoisan (A.K.S.),573,0.0,
ZA,2019,P,All Things Are Possible (ATAP),556,0.0,
ZA,2019,P,African Progressive Movement (APMO),531,0.0,
ZA,2019,P,African Congress of Democrats (A.C.D.),505,0.0,
ZA,2019,P,Residence Association of South Africa (REAOSA),489,0.0,
ZA,2019,P,Free Democrats (FREE DEMS),470,0.0,
ZA,2019,P,New South Africa Party (NEWSA),444,0.0,
ZA,2019,P,South African Political Party (SAPP),356,0.0,
ZA,2019,P,Uniting People First (UPF),321,0.0,
ZA,2019,P,Zenzeleni Progressive Movement (ZPM),315,0.0,
ZA,2019,P,African People's Socialist Party (APSP),267,0.0,
ZA,2019,P,South African Concerned Residents Organisation 4 Service Delivery (SACRO4SD),253,0.0,
ZA,2019,P,Reikemetse Dikgabo Party (RDPP),140,0.0,
EC,2019,N,Registered Electors,3363161,,
EC,2019,N,Voters,2052818,61.0,
EC,2019,N,Invalid (Spoilt) Votes,32291,1.6,
EC,2019,N,Valid Votes,2020527,98.4,
EC,2019,N,African National Congress (ANC),1399455,69.3,18
EC,2019,N,Democratic Alliance (DA),303309,15.0,4
EC,2019,N,Economic Freedom Fighters (EFF),155899,7.7,2
EC,2019,N,United Democratic Movement (UDM),46258,2.3,1
EC,2019,N,African Transformation Movement (ATM),27935,1.4,
EC,2019,N,Vryheidsfront Plus (VF Plus),17699,0.9,
EC,2019,N,African Christian Democratic Party (ACDP),9947,0.5,
EC,2019,N,African Independent Congress (AIC),8134,0.4,
EC,2019,N,Pan Africanist Congress of Azania (PAC),7844,0.4,
EC,2019,N,Congress of the People (COPE),4902,0.2,
EC,2019,N,Alliance for Transformation for All (ATA),4577,0.2,
EC,2019,N,Socialist Revolutionary Workers Party (SRWP),4448,0.2,
EC,2019,N,GOOD (GOOD),4445,0.2,
EC,2019,N,African Security Congress (ASC),4427,0.2,
EC,2019,N,Afrikan Alliance of Social Democrats (AASD),3229,0.2,
EC,2019,N,African People's Convention (APC),1949,0.1,
EC,2019,N,Agang South Africa (AGANG SA),1882,0.1,
EC,2019,N,Azanian People's Organisation (AZAPO),1431,0.1,
EC,2019,N,Al Jama-ah (ALJAMA),1079,0.1,
EC,2019,N,Inkatha Freedom Party (IFP),1021,0.1,
EC,2019,N,Christian Political Movement (CPM),863,0.0,
EC,2019,N,Forum 4 Service Delivery (F4SD),786,0.0,
EC,2019,N,Democratic Liberal Congress (DLC),759,0.0,
EC,2019,N,Capitalist Party of South Africa (ZACP),732,0.0,
EC,2019,N,Compatriots of South Africa (CSA),722,0.0,
EC,2019,N,Black First Land First (BLF),667,0.0,
EC,2019,N,National Freedom Party (NFP),506,0.0,
EC,2019,N,Front Nasionaal/Front National (FN),469,0.0,
EC,2019,N,African Congress of Democrats (A.C.D.),458,0.0,
EC,2019,N,Patriotic Alliance (PA),448,0.0,
EC,2019,N,Economic Emancipation Forum (ECOFORUM),400,0.0,
EC,2019,N,African Covenant (ACO),400,0.0,
EC,2019,N,African Renaissance Unity (ARU),326,0.0,
EC,2019,N,African Democratic Change (ADEC),325,0.0,
EC,2019,N,International Revelation Congress (IRC),312,0.0,
EC,2019,N,Women Forward (WF),268,0.0,
EC,2019,N,African Content Movement (ACM),266,0.0,
EC,2019,N,People's Revolutionary Movement (PRM),259,0.0,
EC,2019,N,Power of Africans Unity (PAU),239,0.0,
EC,2019,N,South African National Congress of Traditional Authorities (SANCOTA),211,0.0,
EC,2019,N,Independent Civic Organisation of South Africa (ICOSA),198,0.0,
EC,2019,N,Land Party (LAND),186,0.0,
EC,2019,N,Free Democrats (FREE DEMS),171,0.0,
EC,2019,N,National Peoples Ambassadors (NPA),168,0.0,
EC,2019,N,Better Residents Association (BRA),162,0.0,
EC,2019,N,National People's Front (NAPF),149,0.0,
EC,2019,N,Minority Front (MF),147,0.0,
EC,2019,N,South African Maintenance and Estate Beneficiaries Association (SAMEBA),60,0.0,
EC,2019,P,Registered Electors,3363161,,
EC,2019,P,Voters,2001262,59.5,
EC,2019,P,Invalid (Spoilt) Votes,27081,1.4,
EC,2019,P,Valid Votes,1974181,98.6,
EC,2019,P,African National Congress (ANC),1357137,68.7,44
EC,2019,P,Democratic Alliance (DA),310538,15.7,10
EC,2019,P,Economic Freedom Fighters (EFF),154821,7.8,5
EC,2019,P,United Democratic Movement (UDM),51233,2.6,2
EC,2019,P,African Transformation Movement (ATM),30082,1.5,1
EC,2019,P,Vryheidsfront Plus (VF Plus),11548,0.6,1
EC,2019,P,African Christian Democratic Party (ACDP),9249,0.5,
EC,2019,P,African Independent Congress (AIC),8331,0.4,
EC,2019,P,Pan Africanist Congress of Azania (PAC),8009,0.4,
EC,2019,P,Alliance for Transformation for All (ATA),5238,0.3,
EC,2019,P,Congress of the People (COPE),4971,0.3,
EC,2019,P,Socialist Revolutionary Workers Party (SRWP),4807,0.2,
EC,2019,P,GOOD (GOOD),4670,0.2,
EC,2019,P,Al Jama-ah (ALJAMA),3007,0.2,
EC,2019,P,African People's Convention (APC),2513,0.1,
EC,2019,P,Azanian People's Organisation (AZAPO),1585,0.1,
EC,2019,P,Inkatha Freedom Party (IFP),1028,0.1,
EC,2019,P,Christian Political Movement (CPM),1016,0.1,
EC,2019,P,Forum 4 Service Delivery (F4SD),902,0.0,
EC,2019,P,African Change Academy (A.C.A.),634,0.0,
EC,2019,P,National Freedom Party (NFP),593,0.0,
EC,2019,P,African Covenant (ACO),549,0.0,
EC,2019,P,Plaaslike Besorgde Inwoners (PBI),534,0.0,
EC,2019,P,International Revelation Congress (IRC),452,0.0,
EC,2019,P,African Content Movement (ACM),374,0.0,
EC,2019,P,People's Revolutionary Movement (PRM),360,0.0,
FS,2019,N,Registered Electors,1462508,,
FS,2019,N,Voters,918313,62.8,
FS,2019,N,Invalid (Spoilt) Votes,12337,1.3,
FS,2019,N,Valid Votes,905976,98.7,
FS,2019,N,African National Congress (ANC),570980,63.0,8
FS,2019,N,Democratic Alliance (DA),153450,16.9,2
FS,2019,N,Economic Freedom Fighters (EFF),105228,11.6,1
FS,2019,N,Vryheidsfront Plus (VF Plus),33660,3.7,
FS,2019,N,African Transformation Movement (ATM),6100,0.7,
FS,2019,N,African Christian Democratic Party (ACDP),4214,0.5,
FS,2019,N,Congress of the People (COPE),3790,0.4,
FS,2019,N,African Independent Congress (AIC),3387,0.4,
FS,2019,N,Patriotic Alliance (PA),3383,0.4,
FS,2019,N,African Democratic Change (ADEC),3136,0.3,
FS,2019,N,Afrikan Alliance of Social Democrats (AASD),2404,0.3,
FS,2019,N,Socialist Revolutionary Workers Party (SRWP),1366,0.2,
FS,2019,N,Pan Africanist Congress of Azania (PAC),1359,0.2,
FS,2019,N,African Content Movement (ACM),1308,0.1,
FS,2019,N,African People's Convention (APC),1196,0.1,
FS,2019,N,African Security Congress (ASC),1158,0.1,
FS,2019,N,United Democratic Movement (UDM),1036,0.1,
FS,2019,N,Agang South Africa (AGANG SA),1004,0.1,
FS,2019,N,Azanian People's Organisation (AZAPO),800,0.1,
FS,2019,N,Inkatha Freedom Party (IFP),799,0.1,
FS,2019,N,Black First Land First (BLF),582,0.1,
FS,2019,N,GOOD (GOOD),573,0.1,
FS,2019,N,Front Nasionaal/Front National (FN),424,0.0,
FS,2019,N,Power of Africans Unity (PAU),397,0.0,
FS,2019,N,African Covenant (ACO),379,0.0,
FS,2019,N,African Congress of Democrats (A.C.D.),361,0.0,
FS,2019,N,Women Forward (WF),350,0.0,
FS,2019,N,Capitalist Party of South Africa (ZACP),306,0.0,
FS,2019,N,Economic Emancipation Forum (ECOFORUM),266,0.0,
FS,2019,N,Alliance for Transformation for All (ATA),253,0.0,
FS,2019,N,Forum 4 Service Delivery (F4SD),223,0.0,
FS,2019,N,Democratic Liberal Congress (DLC),223,0.0,
FS,2019,N,Al Jama-ah (ALJAMA),204,0.0,
FS,2019,N,National Freedom Party (NFP),204,0.0,
FS,2019,N,African Renaissance Unity (ARU),184,0.0,
FS,2019,N,Compatriots of South Africa (CSA),182,0.0,
FS,2019,N,Christian Political Movement (CPM),144,0.0,
FS,2019,N,Free Democrats (FREE DEMS),143,0.0,
FS,2019,N,South African National Congress of Traditional Authorities (SANCOTA),112,0.0,
FS,2019,N,Better Residents Association (BRA),111,0.0,
FS,2019,N,International Revelation Congress (IRC),107,0.0,
FS,2019,N,Land Party (LAND),89,0.0,
FS,2019,N,Independent Civic Organisation of South Africa (ICOSA),80,0.0,
FS,2019,N,Minority Front (MF),78,0.0,
FS,2019,N,People's Revolutionary Movement (PRM),78,0.0,
FS,2019,N,National Peoples Ambassadors (NPA),72,0.0,
FS,2019,N,National People's Front (NAPF),55,0.0,
FS,2019,N,South African Maintenance and Estate Beneficiaries Association (SAMEBA),38,0.0,
FS,2019,P,Registered Electors,1462508,,
FS,2019,P,Voters,897185,61.3,
FS,2019,P,Invalid (Spoilt) Votes,11508,1.3,
FS,2019,P,Valid Votes,885677,98.7,
FS,2019,P,African National Congress (ANC),541535,61.1,19
FS,2019,P,Democratic Alliance (DA),155694,17.6,6
FS,2019,P,Economic Freedom Fighters (EFF),111427,12.6,4
FS,2019,P,Vryheidsfront Plus (VF Plus),35031,4.0,1
FS,2019,P,African Transformation Movement (ATM),6897,0.8,
FS,2019,P,Patriotic Alliance (PA),4950,0.6,
FS,2019,P,Congress of the People (COPE),3972,0.4,
FS,2019,P,African Independent Congress (AIC),3960,0.4,
FS,2019,P,African Christian Democratic Party (ACDP),3697,0.4,
FS,2019,P,African Democratic Change (ADEC),3346,0.4,
FS,2019,P,African Content Movement (ACM),1885,0.2,
FS,2019,P,Afrikan Alliance of Social Democrats (AASD),1646,0.2,
FS,2019,P,Socialist Revolutionary Workers Party (SRWP),1567,0.2,
FS,2019,P,Pan Africanist Congress of Azania (PAC),1513,0.2,
FS,2019,P,Agang South Africa (AGANG SA),1338,0.2,
FS,2019,P,African People's Convention (APC),1309,0.1,
FS,2019,P,Azanian People's Organisation (AZAPO),833,0.1,
FS,2019,P,United Democratic Movement (UDM),826,0.1,
FS,2019,P,GOOD (GOOD),709,0.1,
FS,2019,P,Inkatha Freedom Party (IFP),705,0.1,
FS,2019,P,Power of Africans Unity (PAU),533,0.1,
FS,2019,P,African Congress of Democrats (A.C.D.),505,0.1,
FS,2019,P,Women Forward (WF),408,0.0,
FS,2019,P,African Covenant (ACO),365,0.0,
FS,2019,P,Alliance for Transformation for All (ATA),361,0.0,
FS,2019,P,National Freedom Party (NFP),288,0.0,
FS,2019,P,South African Concerned Residents Organisation 4 Service Delivery (SACRO4SD),253,0.0,
FS,2019,P,South African National Congress of Traditional Authorities (SANCOTA),124,0.0,
GT,2019,N,Registered Electors,6381220,,
GT,2019,N,Voters,4580285,71.8,
GT,2019,N,Invalid (Spoilt) Votes,42883,0.9,
GT,2019,N,Valid Votes,4537402,99.1,
GT,2019,N,African National Congress (ANC),2413979,53.2,26
GT,2019,N,Democratic Alliance (DA),1112990,24.5,12
GT,2019,N,Economic Freedom Fighters (EFF),613704,13.5,7
GT,2019,N,Vryheidsfront Plus (VF Plus),175152,3.9,2
GT,2019,N,Inkatha Freedom Party (IFP),45840,1.0,1
GT,2019,N,African Christian Democratic Party (ACDP),36249,0.8,
GT,2019,N,United Democratic Movement (UDM),13160,0.3,
GT,2019,N,Congress of the People (COPE),12358,0.3,
GT,2019,N,Pan Africanist Congress of Azania (PAC),10842,0.2,
GT,2019,N,GOOD (GOOD),9983,0.2,
GT,2019,N,African Transformation Movement (ATM),9948,0.2,
GT,2019,N,African Independent Congress (AIC),9715,0.2,
GT,2019,N,Capitalist Party of South Africa (ZACP),7515,0.2,
GT,2019,N,Al Jama-ah (ALJAMA),7064,0.2,
GT,2019,N,Black First Land First (BLF),7009,0.2,
GT,2019,N,Socialist Revolutionary Workers Party (SRWP),5903,0.1,
GT,2019,N,African Security Congress (ASC),4225,0.1,
GT,2019,N,Azanian People's Organisation (AZAPO),3842,0.1,
GT,2019,N,National Freedom Party (NFP),3568,0.1,
GT,2019,N,African People's Convention (APC),3136,0.1,
GT,2019,N,African Covenant (ACO),2782,0.1,
GT,2019,N,Front Nasionaal/Front National (FN),2737,0.1,
GT,2019,N,Agang South Africa (AGANG SA),2579,0.1,
GT,2019,N,Afrikan Alliance of Social Democrats (AASD),2486,0.1,
GT,2019,N,Women Forward (WF),2247,0.0,
GT,2019,N,Economic Emancipation Forum (ECOFORUM),1398,0.0,
GT,2019,N,Alliance for Transformation for All (ATA),1345,0.0,
GT,2019,N,Christian Political Movement (CPM),1248,0.0,
GT,2019,N,Patriotic Alliance (PA),1206,0.0,
GT,2019,N,Independent Civic Organisation of South Africa (ICOSA),1191,0.0,
GT,2019,N,African Content Movement (ACM),1174,0.0,
GT,2019,N,Minority Front (MF),1154,0.0,
GT,2019,N,National People's Front (NAPF),1091,0.0,
GT,2019,N,African Democratic Change (ADEC),992,0.0,
GT,2019,N,African Congress of Democrats (A.C.D.),918,0.0,
GT,2019,N,African Renaissance Unity (ARU),900,0.0,
GT,2019,N,Democratic Liberal Congress (DLC),854,0.0,
GT,2019,N,Free Democrats (FREE DEMS),781,0.0,
GT,2019,N,Forum 4 Service Delivery (F4SD),729,0.0,
GT,2019,N,International Revelation Congress (IRC),684,0.0,
GT,2019,N,Better Residents Association (BRA),565,0.0,
GT,2019,N,Land Party (LAND),452,0.0,
GT,2019,N,Power of Africans Unity (PAU),429,0.0,
GT,2019,N,South African National Congress of Traditional Authorities (SANCOTA),419,0.0,
GT,2019,N,Compatriots of South Africa (CSA),361,0.0,
GT,2019,N,National Peoples Ambassadors (NPA),197,0.0,
GT,2019,N,People's Revolutionary Movement (PRM),163,0.0,
GT,2019,N,South African Maintenance and Estate Beneficiaries Association (SAMEBA),138,0.0,
GT,2019,P,Registered Electors,6381220,,
GT,2019,P,Voters,4357348,68.3,
GT,2019,P,Invalid (Spoilt) Votes,37411,0.9,
GT,2019,P,Valid Votes,4319937,99.1,
GT,2019,P,African National Congress (ANC),2168253,50.2,37
GT,2019,P,Democratic Alliance (DA),1185743,27.4,20
GT,2019,P,Economic Freedom Fighters (EFF),634387,14.7,11
GT,2019,P,Vryheidsfront Plus (VF Plus),153844,3.6,3
GT,2019,P,Inkatha Freedom Party (IFP),38263,0.9,1
GT,2019,P,African Christian Democratic Party (ACDP),30605,0.7,1
GT,2019,P,African Transformation Movement (ATM),10861,0.3,
GT,2019,P,Pan Africanist Congress of Azania (PAC),10534,0.2,
GT,2019,P,Congress of the People (COPE),10197,0.2,
GT,2019,P,United Democratic Movement (UDM),9267,0.2,
GT,2019,P,African Independent Congress (AIC),9016,0.2,
GT,2019,P,GOOD (GOOD),8544,0.2,
GT,2019,P,Al Jama-ah (ALJAMA),7606,0.2,
GT,2019,P,Black First Land First (BLF),5773,0.1,
GT,2019,P,Socialist Revolutionary Workers Party (SRWP),5465,0.1,
GT,2019,P,Azanian People's Organisation (AZAPO),3516,0.1,
GT,2019,P,National Freedom Party (NFP),3177,0.1,
GT,2019,P,Agang South Africa (AGANG SA),3158,0.1,
GT,2019,P,African People's Convention (APC),3128,0.1,
GT,2019,P,African Covenant (ACO),2528,0.1,
GT,2019,P,Women Forward (WF),2050,0.0,
GT,2019,P,Patriotic Alliance (PA),1773,0.0,
GT,2019,P,Economic Emancipation Forum (ECOFORUM),1700,0.0,
GT,2019,P,Independent Civic Organisation of South Africa (ICOSA),1470,0.0,
GT,2019,P,Alliance for Transformation for All (ATA),1401,0.0,
GT,2019,P,African Content Movement (ACM),1251,0.0,
GT,2019,P,National People's Front (NAPF),1125,0.0,
GT,2019,P,African Renaissance Unity (ARU),927,0.0,
GT,2019,P,African Democratic Change (ADEC),918,0.0,
GT,2019,P,International Revelation Congress (IRC),722,0.0,
GT,2019,P,Gazankulu Liberation Congress (GLC),672,0.0,
GT,2019,P,Better Residents Association (BRA),525,0.0,
GT,2019,P,Land Party (LAND),511,0.0,
GT,2019,P,Power of Africans Unity (PAU),470,0.0,
GT,2019,P,South African National Congress of Traditional Authorities (SANCOTA),367,0.0,
GT,2019,P,Zenzeleni Progressive Movement (ZPM),190,0.0,
NL,2019,N,Registered Electors,5524666,,
NL,2019,N,Voters,3715985,67.3,
NL,2019,N,Invalid (Spoilt) Votes,63408,1.7,
NL,2019,N,Valid Votes,3652577,98.3,
NL,2019,N,African National Congress (ANC),2026069,55.5,24
NL,2019,N,Inkatha Freedom Party (IFP),532563,14.6,6
NL,2019,N,Democratic Alliance (DA),520169,14.2,6
NL,2019,N,Economic Freedom Fighters (EFF),363832,10.0,4
NL,2019,N,National Freedom Party (NFP),52431,1.4,1
NL,2019,N,African Christian Democratic Party (ACDP),17524,0.5,
NL,2019,N,Vryheidsfront Plus (VF Plus),16460,0.5,
NL,2019,N,African Transformation Movement (ATM),16109,0.4,
NL,2019,N,African Independent Congress (AIC),10118,0.3,
NL,2019,N,Minority Front (MF),9792,0.3,
NL,2019,N,African Security Congress (ASC),8493,0.2,
NL,2019,N,Black First Land First (BLF),7998,0.2,
NL,2019,N,Democratic Liberal Congress (DLC),7181,0.2,
NL,2019,N,Al Jama-ah (ALJAMA),5731,0.2,
NL,2019,N,Congress of the People (COPE),5101,0.1,
NL,2019,N,Afrikan Alliance of Social Democrats (AASD),5099,0.1,
NL,2019,N,Socialist Revolutionary Workers Party (SRWP),4173,0.1,
NL,2019,N,United Democratic Movement (UDM),3677,0.1,
NL,2019,N,African People's Convention (APC),3274,0.1,
NL,2019,N,Agang South Africa (AGANG SA),3105,0.1,
NL,2019,N,GOOD (GOOD),2808,0.1,
NL,2019,N,Pan Africanist Congress of Azania (PAC),2342,0.1,
NL,2019,N,National People's Front (NAPF),2243,0.1,
NL,2019,N,Capitalist Party of South Africa (ZACP),2239,0.1,
NL,2019,N,Azanian People's Organisation (AZAPO),2162,0.1,
NL,2019,N,People's Revolutionary Movement (PRM),1891,0.1,
NL,2019,N,Economic Emancipation Forum (ECOFORUM),1859,0.1,
NL,2019,N,Alliance for Transformation for All (ATA),1821,0.0,
NL,2019,N,Independent Civic Organisation of South Africa (ICOSA),1378,0.0,
NL,2019,N,International Revelation Congress (IRC),1343,0.0,
NL,2019,N,African Renaissance Unity (ARU),1300,0.0,
NL,2019,N,Forum 4 Service Delivery (F4SD),1253,0.0,
NL,2019,N,African Content Movement (ACM),1180,0.0,
NL,2019,N,National Peoples Ambassadors (NPA),1132,0.0,
NL,2019,N,Christian Political Movement (CPM),961,0.0,
NL,2019,N,Women Forward (WF),882,0.0,
NL,2019,N,Compatriots of South Africa (CSA),867,0.0,
NL,2019,N,African Democratic Change (ADEC),836,0.0,
NL,2019,N,African Congress of Democrats (A.C.D.),784,0.0,
NL,2019,N,African Covenant (ACO),691,0.0,
NL,2019,N,Front Nasionaal/Front National (FN),669,0.0,
NL,2019,N,Power of Africans Unity (PAU),631,0.0,
NL,2019,N,Free Democrats (FREE DEMS),538,0.0,
NL,2019,N,Land Party (LAND),515,0.0,
NL,2019,N,Patriotic Alliance (PA),513,0.0,
NL,2019,N,Better Residents Association (BRA),428,0.0,
NL,2019,N,South African National Congress of Traditional Authorities (SANCOTA),221,0.0,
NL,2019,N,South African Maintenance and Estate Beneficiaries Association (SAMEBA),191,0.0,
NL,2019,P,Registered Electors,5524666,,
NL,2019,P,Voters,3654701,66.2,
NL,2019,P,Invalid (Spoilt) Votes,56420,1.5,
NL,2019,P,Valid Votes,3598281,98.5,
NL,2019,P,African National Congress (ANC),1951027,54.2,44
NL,2019,P,Inkatha Freedom Party (IFP),588046,16.3,13
NL,2019,P,Democratic Alliance (DA),500051,13.9,11
NL,2019,P,Economic Freedom Fighters (EFF),349361,9.7,8
NL,2019,P,National Freedom Party (NFP),56587,1.6,1
NL,2019,P,Minority Front (MF),18864,0.5,1
NL,2019,P,African Transformation Movement (ATM),17729,0.5,1
NL,2019,P,African Christian Democratic Party (ACDP),17214,0.5,1
NL,2019,P,Democratic Liberal Congress (DLC),13698,0.4,
NL,2019,P,Vryheidsfront Plus (VF Plus),11269,0.3,
NL,2019,P,Al Jama-ah (ALJAMA),9899,0.3,
NL,2019,P,African Independent Congress (AIC),9291,0.3,
NL,2019,P,Justice and Employment Party (JEP),8156,0.2,
NL,2019,P,Black First Land First (BLF),5790,0.2,
NL,2019,P,Congress of the People (COPE),4957,0.1,
NL,2019,P,Socialist Revolutionary Workers Party (SRWP),4222,0.1,
NL,2019,P,GOOD (GOOD),4016,0.1,
NL,2019,P,African People's Convention (APC),3650,0.1,
NL,2019,P,United Democratic Movement (UDM),3558,0.1,
NL,2019,P,Alliance for Transformation for All (ATA),2624,0.1,
NL,2019,P,Azanian People's Organisation (AZAPO),2512,0.1,
NL,2019,P,Pan Africanist Congress of Azania (PAC),2510,0.1,
NL,2019,P,National People's Front (NAPF),2437,0.1,
NL,2019,P,People's Revolutionary Movement (PRM),2402,0.1,
NL,2019,P,African Mantungwa Community (AC),1594,0.0,
NL,2019,P,African Renaissance Unity (ARU),1376,0.0,
NL,2019,P,African Content Movement (ACM),1369,0.0,
NL,2019,P,National Peoples Ambassadors (NPA),1294,0.0,
NL,2019,P,Women Forward (WF),944,0.0,
NL,2019,P,African Covenant (ACO),938,0.0,
NL,2019,P,National Religious Freedom Party (NRFP),896,0.0,
NP,2019,N,Registered Electors,2608460,,
NP,2019,N,Voters,1530837,58.7,
NP,2019,N,Invalid (Spoilt) Votes,20269,1.3,
NP,2019,N,Valid Votes,1510568,98.7,
NP,2019,N,African National Congress (ANC),1163091,77.0,15
NP,2019,N,Economic Freedom Fighters (EFF),198439,13.1,3
NP,2019,N,Democratic Alliance (DA),81066,5.4,1
NP,2019,N,Vryheidsfront Plus (VF Plus),24042,1.6,
NP,2019,N,African Christian Democratic Party (ACDP),5241,0.3,
NP,2019,N,African People's Convention (APC),4403,0.3,
NP,2019,N,African Independent Congress (AIC),3999,0.3,
NP,2019,N,Congress of the People (COPE),3233,0.2,
NP,2019,N,Pan Africanist Congress of Azania (PAC),3134,0.2,
NP,2019,N,African Transformation Movement (ATM),2839,0.2,
NP,2019,N,Azanian People's Organisation (AZAPO),2215,0.1,
NP,2019,N,South African Maintenance and Estate Beneficiaries Association (SAMEBA),1809,0.1,
NP,2019,N,African Security Congress (ASC),1745,0.1,
NP,2019,N,Agang South Africa (AGANG SA),1607,0.1,
NP,2019,N,Afrikan Alliance of Social Democrats (AASD),1592,0.1,
NP,2019,N,United Democratic Movement (UDM),1483,0.1,
NP,2019,N,Socialist Revolutionary Workers Party (SRWP),1266,0.1,
NP,2019,N,International Revelation Congress (IRC),982,0.1,
NP,2019,N,Inkatha Freedom Party (IFP),706,0.0,
NP,2019,N,Economic Emancipation Forum (ECOFORUM),647,0.0,
NP,2019,N,African Covenant (ACO),584,0.0,
NP,2019,N,Forum 4 Service Delivery (F4SD),559,0.0,
NP,2019,N,Better Residents Association (BRA),500,0.0,
NP,2019,N,Black First Land First (BLF),479,0.0,
NP,2019,N,GOOD (GOOD),459,0.0,
NP,2019,N,African Renaissance Unity (ARU),393,0.0,
NP,2019,N,Al Jama-ah (ALJAMA),331,0.0,
NP,2019,N,Front Nasionaal/Front National (FN),320,0.0,
NP,2019,N,Power of Africans Unity (PAU),298,0.0,
NP,2019,N,Capitalist Party of South Africa (ZACP),250,0.0,
NP,2019,N,Women Forward (WF),247,0.0,
NP,2019,N,African Congress of Democrats (A.C.D.),236,0.0,
NP,2019,N,Democratic Liberal Congress (DLC),227,0.0,
NP,2019,N,Land Party (LAND),211,0.0,
NP,2019,N,African Content Movement (ACM),206,0.0,
NP,2019,N,Alliance for Transformation for All (ATA),193,0.0,
NP,2019,N,African Democratic Change (ADEC),184,0.0,
NP,2019,N,National Freedom Party (NFP),183,0.0,
NP,2019,N,Christian Political Movement (CPM),182,0.0,
NP,2019,N,South African National Congress of Traditional Authorities (SANCOTA),159,0.0,
NP,2019,N,Free Democrats (FREE DEMS),148,0.0,
NP,2019,N,Compatriots of South Africa (CSA),145,0.0,
NP,2019,N,People's Revolutionary Movement (PRM),124,0.0,
NP,2019,N,National People's Front (NAPF),96,0.0,
NP,2019,N,Patriotic Alliance (PA),95,0.0,
NP,2019,N,National Peoples Ambassadors (NPA),84,0.0,
NP,2019,N,Minority Front (MF),71,0.0,
NP,2019,N,Independent Civic Organisation of South Africa (ICOSA),65,0.0,
NP,2019,P,Registered Electors,2608460,,
NP,2019,P,Voters,1470230,56.4,
NP,2019,P,Invalid (Spoilt) Votes,18072,1.2,
NP,2019,P,Valid Votes,1452158,98.8,
NP,2019,P,African National Congress (ANC),1096300,75.5,38
NP,2019,P,Economic Freedom Fighters (EFF),209488,14.4,7
NP,2019,P,Democratic Alliance (DA),78360,5.4,3
NP,2019,P,Vryheidsfront Plus (VF Plus),20572,1.4,1
NP,2019,P,African People's Convention (APC),5290,0.4,
NP,2019,P,African Christian Democratic Party (ACDP),5069,0.3,
NP,2019,P,African Transformation Movement (ATM),4136,0.3,
NP,2019,P,African Independent Congress (AIC),3961,0.3,
NP,2019,P,Congress of the People (COPE),3398,0.2,
NP,2019,P,Azanian People's Organisation (AZAPO),2450,0.2,
NP,2019,P,Pan Africanist Congress of Azania (PAC),2408,0.2,
NP,2019,P,Agang South Africa (AGANG SA),2265,0.2,
NP,2019,P,Bolsheviks Party of South Africa (BPSA),2088,0.1,
NP,2019,P,South African Maintenance and Estate Beneficiaries Association (SAMEBA),2045,0.1,
NP,2019,P,Civic Warriors of Maruleng,2043,0.1,
NP,2019,P,International Revelation Congress (IRC),1799,0.1,
NP,2019,P,Socialist Revolutionary Workers Party (SRWP),1392,0.1,
NP,2019,P,United Democratic Movement (UDM),1324,0.1,
NP,2019,P,Ximoko Party (XP),1163,0.1,
NP,2019,P,Gaza Movement for Change (GMC),831,0.1,
NP,2019,P,African Covenant (ACO),690,0.0,
NP,2019,P,Inkatha Freedom Party (IFP),655,0.0,
NP,2019,P,Magoshi Swaranang Movement (MSM),651,0.0,
NP,2019,P,Better Residents Association (BRA),647,0.0,
NP,2019,P,GOOD (GOOD),494,0.0,
NP,2019,P,Gazankulu Liberation Congress (GLC),462,0.0,
NP,2019,P,Power of Africans Unity (PAU),414,0.0,
NP,2019,P,African Renaissance Unity (ARU),397,0.0,
NP,2019,P,African Content Movement (ACM),281,0.0,
NP,2019,P,African People's Socialist Party (APSP),267,0.0,
NP,2019,P,Women Forward (WF),256,0.0,
NP,2019,P,Land Party (LAND),227,0.0,
NP,2019,P,National Freedom Party (NFP),191,0.0,
NP,2019,P,South African National Congress of Traditional Authorities (SANCOTA),144,0.0,
MP,2019,N,Registered Electors,1951776,,
MP,2019,N,Voters,1290908,66.1,
MP,2019,N,Invalid (Spoilt) Votes,18929,1.5,
MP,2019,N,Valid Votes,1271979,98.5,
MP,2019,N,African National Congress (ANC),918756,72.2,12
MP,2019,N,Economic Freedom Fighters (EFF),146426,11.5,2
MP,2019,N,Democratic Alliance (DA),116050,9.1,1
MP,2019,N,Vryheidsfront Plus (VF Plus),33842,2.7,
MP,2019,N,Better Residents Association (BRA),6971,0.5,
MP,2019,N,African Christian Democratic Party (ACDP),6375,0.5,
MP,2019,N,African Transformation Movement (ATM),5982,0.5,
MP,2019,N,Inkatha Freedom Party (IFP),5786,0.5,
MP,2019,N,African Independent Congress (AIC),3945,0.3,
MP,2019,N,African People's Convention (APC),3358,0.3,
MP,2019,N,South African National Congress of Traditional Authorities (SANCOTA),2336,0.2,
MP,2019,N,African Security Congress (ASC),2207,0.2,
MP,2019,N,Congress of the People (COPE),1947,0.2,
MP,2019,N,Socialist Revolutionary Workers Party (SRWP),1797,0.1,
MP,2019,N,Afrikan Alliance of Social Democrats (AASD),1591,0.1,
MP,2019,N,Pan Africanist Congress of Azania (PAC),1516,0.1,
MP,2019,N,National Freedom Party (NFP),1499,0.1,
MP,2019,N,Black First Land First (BLF),1259,0.1,
MP,2019,N,Agang South Africa (AGANG SA),1151,0.1,
MP,2019,N,United Democratic Movement (UDM),982,0.1,
MP,2019,N,Forum 4 Service Delivery (F4SD),821,0.1,
MP,2019,N,Economic Emancipation Forum (ECOFORUM),742,0.1,
MP,2019,N,GOOD (GOOD),565,0.0,
MP,2019,N,Front Nasionaal/Front National (FN),528,0.0,
MP,2019,N,Al Jama-ah (ALJAMA),527,0.0,
MP,2019,N,African Covenant (ACO),455,0.0,
MP,2019,N,Azanian People's Organisation (AZAPO),450,0.0,
MP,2019,N,International Revelation Congress (IRC),387,0.0,
MP,2019,N,Power of Africans Unity (PAU),372,0.0,
MP,2019,N,Capitalist Party of South Africa (ZACP),365,0.0,
MP,2019,N,Christian Political Movement (CPM),278,0.0,
MP,2019,N,Alliance for Transformation for All (ATA),266,0.0,
MP,2019,N,Democratic Liberal Congress (DLC),210,0.0,
MP,2019,N,Compatriots of South Africa (CSA),205,0.0,
MP,2019,N,African Congress of Democrats (A.C.D.),203,0.0,
MP,2019,N,African Renaissance Unity (ARU),197,0.0,
MP,2019,N,African Content Movement (ACM),190,0.0,
MP,2019,N,Women Forward (WF),185,0.0,
MP,2019,N,African Democratic Change (ADEC),185,0.0,
MP,2019,N,National People's Front (NAPF),158,0.0,
MP,2019,N,Minority Front (MF),157,0.0,
MP,2019,N,Free Democrats (FREE DEMS),147,0.0,
MP,2019,N,Patriotic Alliance (PA),125,0.0,
MP,2019,N,People's Revolutionary Movement (PRM),116,0.0,
MP,2019,N,National Peoples Ambassadors (NPA),110,0.0,
MP,2019,N,Land Party (LAND),98,0.0,
MP,2019,N,Independent Civic Organisation of South Africa (ICOSA),94,0.0,
MP,2019,N,South African Maintenance and Estate Beneficiaries Association (SAMEBA),67,0.0,
MP,2019,P,Registered Electors,1951776,,
MP,2019,P,Voters,1233544,63.2,
MP,2019,P,Invalid (Spoilt) Votes,17022,1.4,
MP,2019,P,Valid Votes,1216522,98.6,
MP,2019,P,African National Congress (ANC),858589,70.6,22
MP,2019,P,Economic Freedom Fighters (EFF),155573,12.8,4
MP,2019,P,Democratic Alliance (DA),118915,9.8,3
MP,2019,P,Vryheidsfront Plus (VF Plus),29512,2.4,1
MP,2019,P,Better Residents Association (BRA),8816,0.7,
MP,2019,P,African Transformation Movement (ATM),7468,0.6,
MP,2019,P,African Christian Democratic Party (ACDP),6183,0.5,
MP,2019,P,African Independent Congress (AIC),4376,0.4,
MP,2019,P,African People's Convention (APC),4083,0.3,
MP,2019,P,Inkatha Freedom Party (IFP),3750,0.3,
MP,2019,P,South African National Congress of Traditional Authorities (SANCOTA),2884,0.2,
MP,2019,P,Agang South Africa (AGANG SA),1828,0.2,
MP,2019,P,Congress of the People (COPE),1819,0.1,
MP,2019,P,Socialist Revolutionary Workers Party (SRWP),1814,0.1,
MP,2019,P,Pan Africanist Congress of Azania (PAC),1683,0.1,
MP,2019,P,National Freedom Party (NFP),1430,0.1,
MP,2019,P,Sindawonye Progressive Party (SPP),1205,0.1,
MP,2019,P,Black First Land First (BLF),1097,0.1,
MP,2019,P,Forum 4 Service Delivery (F4SD),949,0.1,
MP,2019,P,United Democratic Movement (UDM),917,0.1,
MP,2019,P,GOOD (GOOD),673,0.1,
MP,2019,P,African Covenant (ACO),541,0.0,
MP,2019,P,Azanian People's Organisation (AZAPO),526,0.0,
MP,2019,P,Alliance for Transformation for All (ATA),513,0.0,
MP,2019,P,Residence Association of South Africa (REAOSA),489,0.0,
MP,2019,P,International Revelation Congress (IRC),441,0.0,
MP,2019,P,African Content Movement (ACM),323,0.0,
MP,2019,P,Zenzeleni Progressive Movement (ZPM),125,0.0,
NC,2019,N,Registered Electors,626471,,
NC,2019,N,Voters,417248,66.6,
NC,2019,N,Invalid (Spoilt) Votes,6406,1.5,
NC,2019,N,Valid Votes,410842,98.5,
NC,2019,N,African National Congress (ANC),239221,58.2,3
NC,2019,N,Democratic Alliance (DA),99977,24.3,1
NC,2019,N,Economic Freedom Fighters (EFF),39879,9.7,1
NC,2019,N,Vryheidsfront Plus (VF Plus),13522,3.3,
NC,2019,N,Congress of the People (COPE),3413,0.8,
NC,2019,N,African Christian Democratic Party (ACDP),3143,0.8,
NC,2019,N,GOOD (GOOD),3088,0.8,
NC,2019,N,African Independent Congress (AIC),1597,0.4,
NC,2019,N,African Transformation Movement (ATM),612,0.1,
NC,2019,N,Azanian People's Organisation (AZAPO),586,0.1,
NC,2019,N,African Security Congress (ASC),574,0.1,
NC,2019,N,Socialist Revolutionary Workers Party (SRWP),527,0.1,
NC,2019,N,Afrikan Alliance of Social Democrats (AASD),464,0.1,
NC,2019,N,Pan Africanist Congress of Azania (PAC),417,0.1,
NC,2019,N,Agang South Africa (AGANG SA),336,0.1,
NC,2019,N,African People's Convention (APC),321,0.1,
NC,2019,N,Independent Civic Organisation of South Africa (ICOSA),253,0.1,
NC,2019,N,United Democratic Movement (UDM),246,0.1,
NC,2019,N,Front Nasionaal/Front National (FN),222,0.1,
NC,2019,N,Black First Land First (BLF),187,0.0,
NC,2019,N,Democratic Liberal Congress (DLC),157,0.0,
NC,2019,N,Al Jama-ah (ALJAMA),154,0.0,
NC,2019,N,African Covenant (ACO),150,0.0,
NC,2019,N,African Renaissance Unity (ARU),143,0.0,
NC,2019,N,Inkatha Freedom Party (IFP),138,0.0,
NC,2019,N,Compatriots of South Africa (CSA),134,0.0,
NC,2019,N,African Congress of Democrats (A.C.D.),125,0.0,
NC,2019,N,Capitalist Party of South Africa (ZACP),107,0.0,
NC,2019,N,National Freedom Party (NFP),98,0.0,
NC,2019,N,Alliance for Transformation for All (ATA),94,0.0,
NC,2019,N,Women Forward (WF),88,0.0,
NC,2019,N,South African National Congress of Traditional Authorities (SANCOTA),87,0.0,
NC,2019,N,Economic Emancipation Forum (ECOFORUM),85,0.0,
NC,2019,N,Patriotic Alliance (PA),78,0.0,
NC,2019,N,Christian Political Movement (CPM),71,0.0,
NC,2019,N,African Content Movement (ACM),61,0.0,
NC,2019,N,International Revelation Congress (IRC),58,0.0,
NC,2019,N,Free Democrats (FREE DEMS),57,0.0,
NC,2019,N,Land Party (LAND),55,0.0,
NC,2019,N,Forum 4 Service Delivery (F4SD),54,0.0,
NC,2019,N,Power of Africans Unity (PAU),54,0.0,
NC,2019,N,African Democratic Change (ADEC),50,0.0,
NC,2019,N,Better Residents Association (BRA),49,0.0,
NC,2019,N,Minority Front (MF),39,0.0,
NC,2019,N,National People's Front (NAPF),23,0.0,
NC,2019,N,People's Revolutionary Movement (PRM),20,0.0,
NC,2019,N,South African Maintenance and Estate Beneficiaries Association (SAMEBA),16,0.0,
NC,2019,N,National Peoples Ambassadors (NPA),12,0.0,
NC,2019,P,Registered Electors,626471,,
NC,2019,P,Voters,401663,64.1,
NC,2019,P,Invalid (Spoilt) Votes,4984,1.2,
NC,2019,P,Valid Votes,396679,98.8,
NC,2019,P,African National Congress (ANC),228265,57.5,18
NC,2019,P,Democratic Alliance (DA),101198,25.5,8
NC,2019,P,Economic Freedom Fighters (EFF),38527,9.7,3
NC,2019,P,Vryheidsfront Plus (VF Plus),10641,2.7,1
NC,2019,P,Congress of the People (COPE),3400,0.9,
NC,2019,P,GOOD (GOOD),3283,0.8,
NC,2019,P,African Christian Democratic Party (ACDP),2912,0.7,
NC,2019,P,African Independent Congress (AIC),2191,0.6,
NC,2019,P,Azanian People's Organisation (AZAPO),996,0.3,
NC,2019,P,Khoisan Revolution (KSR),990,0.2,
NC,2019,P,African Transformation Movement (ATM),940,0.2,
NC,2019,P,African People's Convention (APC),608,0.2,
NC,2019,P,Aboriginal Khoisan (A.K.S.),573,0.1,
NC,2019,P,Socialist Revolutionary Workers Party (SRWP),542,0.1,
NC,2019,P,Pan Africanist Congress of Azania (PAC),435,0.1,
NC,2019,P,Afrikan Alliance of Social Democrats (AASD),360,0.1,
NC,2019,P,United Democratic Movement (UDM),245,0.1,
NC,2019,P,African Covenant (ACO),196,0.0,
NC,2019,P,National Freedom Party (NFP),157,0.0,
NC,2019,P,International Revelation Congress (IRC),120,0.0,
NC,2019,P,African Content Movement (ACM),100,0.0,
NW,2019,N,Registered Electors,1702728,,
NW,2019,N,Voters,1012250,59.4,
NW,2019,N,Invalid (Spoilt) Votes,18030,1.8,
NW,2019,N,Valid Votes,994220,98.2,
NW,2019,N,African National Congress (ANC),633223,63.7,9
NW,2019,N,Economic Freedom Fighters (EFF),169880,17.1,2
NW,2019,N,Democratic Alliance (DA),112417,11.3,2
NW,2019,N,Vryheidsfront Plus (VF Plus),40225,4.0,
NW,2019,N,African Christian Democratic Party (ACDP),4084,0.4,
NW,2019,N,African Independent Congress (AIC),4076,0.4,
NW,2019,N,United Democratic Movement (UDM),3420,0.3,
NW,2019,N,Forum 4 Service Delivery (F4SD),2868,0.3,
NW,2019,N,Congress of the People (COPE),2809,0.3,
NW,2019,N,African Transformation Movement (ATM),2535,0.3,
NW,2019,N,African Security Congress (ASC),1831,0.2,
NW,2019,N,Socialist Revolutionary Workers Party (SRWP),1736,0.2,
NW,2019,N,Agang South Africa (AGANG SA),1418,0.1,
NW,2019,N,Afrikan Alliance of Social Democrats (AASD),1270,0.1,
NW,2019,N,GOOD (GOOD),1094,0.1,
NW,2019,N,Pan Africanist Congress of Azania (PAC),1007,0.1,
NW,2019,N,Inkatha Freedom Party (IFP),955,0.1,
NW,2019,N,African People's Convention (APC),953,0.1,
NW,2019,N,Azanian People's Organisation (AZAPO),768,0.1,
NW,2019,N,Black First Land First (BLF),749,0.1,
NW,2019,N,Economic Emancipation Forum (ECOFORUM),580,0.1,
NW,2019,N,Al Jama-ah (ALJAMA),482,0.0,
NW,2019,N,National Freedom Party (NFP),481,0.0,
NW,2019,N,African Covenant (ACO),466,0.0,
NW,2019,N,Women Forward (WF),465,0.0,
NW,2019,N,Front Nasionaal/Front National (FN),439,0.0,
NW,2019,N,Christian Political Movement (CPM),365,0.0,
NW,2019,N,Capitalist Party of South Africa (ZACP),347,0.0,
NW,2019,N,Alliance for Transformation for All (ATA),339,0.0,
NW,2019,N,African Congress of Democrats (A.C.D.),280,0.0,
NW,2019,N,African Content Movement (ACM),270,0.0,
NW,2019,N,International Revelation Congress (IRC),247,0.0,
NW,2019,N,Democratic Liberal Congress (DLC),242,0.0,
NW,2019,N,African Democratic Change (ADEC),232,0.0,
NW,2019,N,African Renaissance Unity (ARU),207,0.0,
NW,2019,N,Compatriots of South Africa (CSA),182,0.0,
NW,2019,N,Power of Africans Unity (PAU),170,0.0,
NW,2019,N,Patriotic Alliance (PA),160,0.0,
NW,2019,N,Free Democrats (FREE DEMS),154,0.0,
NW,2019,N,Land Party (LAND),118,0.0,
NW,2019,N,Better Residents Association (BRA),113,0.0,
NW,2019,N,Minority Front (MF),109,0.0,
NW,2019,N,Independent Civic Organisation of South Africa (ICOSA),91,0.0,
NW,2019,N,National People's Front (NAPF),91,0.0,
NW,2019,N,People's Revolutionary Movement (PRM),84,0.0,
NW,2019,N,National Peoples Ambassadors (NPA),74,0.0,
NW,2019,N,South African Maintenance and Estate Beneficiaries Association (SAMEBA),60,0.0,
NW,2019,N,South African National Congress of Traditional Authorities (SANCOTA),54,0.0,
NW,2019,P,Registered Electors,1702728,,
NW,2019,P,Voters,970669,57.0,
NW,2019,P,Invalid (Spoilt) Votes,15833,1.6,
NW,2019,P,Valid Votes,954836,98.4,
NW,2019,P,African National Congress (ANC),590777,61.9,21
NW,2019,P,Economic Freedom Fighters (EFF),177983,18.6,6
NW,2019,P,Democratic Alliance (DA),106738,11.2,4
NW,2019,P,Vryheidsfront Plus (VF Plus),41266,4.3,2
NW,2019,P,United Christian Democratic Party (UCDP),4628,0.5,
NW,2019,P,African Independent Congress (AIC),4398,0.5,
NW,2019,P,African Transformation Movement (ATM),3684,0.4,
NW,2019,P,African Christian Democratic Party (ACDP),3225,0.3,
NW,2019,P,Forum 4 Service Delivery (F4SD),3159,0.3,
NW,2019,P,United Democratic Movement (UDM),2842,0.3,
NW,2019,P,Congress of the People (COPE),2595,0.3,
NW,2019,P,Agang South Africa (AGANG SA),1981,0.2,
NW,2019,P,Socialist Revolutionary Workers Party (SRWP),1884,0.2,
NW,2019,P,African People's Convention (APC),1285,0.1,
NW,2019,P,GOOD (GOOD),1144,0.1,
NW,2019,P,Pan Africanist Congress of Azania (PAC),1013,0.1,
NW,2019,P,Inkatha Freedom Party (IFP),808,0.1,
NW,2019,P,Azanian People's Organisation (AZAPO),782,0.1,
NW,2019,P,Black First Land First (BLF),668,0.1,
NW,2019,P,Alliance for Transformation for All (ATA),577,0.1,
NW,2019,P,National Freedom Party (NFP),532,0.1,
NW,2019,P,Women Forward (WF),527,0.1,
NW,2019,P,African Covenant (ACO),525,0.1,
NW,2019,P,African Content Movement (ACM),359,0.0,
NW,2019,P,South African Political Party (SAPP),356,0.0,
NW,2019,P,International Revelation Congress (IRC),333,0.0,
NW,2019,P,Uniting People First (UPF),321,0.0,
NW,2019,P,Patriotic Alliance (PA),306,0.0,
NW,2019,P,Reikemetse Dikgabo Party (RDPP),140,0.0,
WC,2019,N,Registered Electors,3128567,,
WC,2019,N,Voters,2133062,68.2,
WC,2019,N,Invalid (Spoilt) Votes,20892,1.0,
WC,2019,N,Valid Votes,2112170,99.0,
WC,2019,N,Democratic Alliance (DA),1107065,52.4,13
WC,2019,N,African National Congress (ANC),659548,31.2,7
WC,2019,N,Economic Freedom Fighters (EFF),88428,4.2,1
WC,2019,N,Vryheidsfront Plus (VF Plus),59354,2.8,1
WC,2019,N,African Christian Democratic Party (ACDP),59147,2.8,1
WC,2019,N,GOOD (GOOD),47283,2.2,
WC,2019,N,Al Jama-ah (ALJAMA),15866,0.8,
WC,2019,N,Congress of the People (COPE),9726,0.5,
WC,2019,N,Independent Civic Organisation of South Africa (ICOSA),9033,0.4,
WC,2019,N,United Democratic Movement (UDM),7650,0.4,
WC,2019,N,Alliance for Transformation for All (ATA),5378,0.3,
WC,2019,N,Land Party (LAND),5348,0.3,
WC,2019,N,African Transformation Movement (ATM),4761,0.2,
WC,2019,N,Pan Africanist Congress of Azania (PAC),4183,0.2,
WC,2019,N,Capitalist Party of South Africa (ZACP),3822,0.2,
WC,2019,N,Socialist Revolutionary Workers Party (SRWP),3201,0.2,
WC,2019,N,African Independent Congress (AIC),3133,0.1,
WC,2019,N,National Freedom Party (NFP),2245,0.1,
WC,2019,N,African Security Congress (ASC),1599,0.1,
WC,2019,N,Women Forward (WF),1342,0.1,
WC,2019,N,Front Nasionaal/Front National (FN),1289,0.1,
WC,2019,N,African Covenant (ACO),1101,0.1,
WC,2019,N,Inkatha Freedom Party (IFP),1012,0.0,
WC,2019,N,African People's Convention (APC),1001,0.0,
WC,2019,N,Christian Political Movement (CPM),866,0.0,
WC,2019,N,Black First Land First (BLF),857,0.0,
WC,2019,N,Democratic Liberal Congress (DLC),805,0.0,
WC,2019,N,Agang South Africa (AGANG SA),767,0.0,
WC,2019,N,Afrikan Alliance of Social Democrats (AASD),696,0.0,
WC,2019,N,Patriotic Alliance (PA),652,0.0,
WC,2019,N,Compatriots of South Africa (CSA),608,0.0,
WC,2019,N,Azanian People's Organisation (AZAPO),559,0.0,
WC,2019,N,African Democratic Change (ADEC),553,0.0,
WC,2019,N,Free Democrats (FREE DEMS),438,0.0,
WC,2019,N,Minority Front (MF),408,0.0,
WC,2019,N,African Congress of Democrats (A.C.D.),402,0.0,
WC,2019,N,Economic Emancipation Forum (ECOFORUM),344,0.0,
WC,2019,N,Better Residents Association (BRA),279,0.0,
WC,2019,N,Forum 4 Service Delivery (F4SD),271,0.0,
WC,2019,N,African Renaissance Unity (ARU),210,0.0,
WC,2019,N,African Content Movement (ACM),186,0.0,
WC,2019,N,National Peoples Ambassadors (NPA),130,0.0,
WC,2019,N,International Revelation Congress (IRC),127,0.0,
WC,2019,N,South African National Congress of Traditional Authorities (SANCOTA),114,0.0,
WC,2019,N,National People's Front (NAPF),113,0.0,
WC,2019,N,People's Revolutionary Movement (PRM),109,0.0,
WC,2019,N,Power of Africans Unity (PAU),95,0.0,
WC,2019,N,South African Maintenance and Estate Beneficiaries Association (SAMEBA),66,0.0,
WC,2019,P,Registered Electors,3128567,,
WC,2019,P,Voters,2073728,66.3,
WC,2019,P,Invalid (Spoilt) Votes,16516,0.8,
WC,2019,P,Valid Votes,2057212,99.2,
WC,2019,P,Democratic Alliance (DA),1140647,55.4,24
WC,2019,P,African National Congress (ANC),589055,28.6,12
WC,2019,P,Economic Freedom Fighters (EFF),83075,4.0,2
WC,2019,P,GOOD (GOOD),61971,3.0,1
WC,2019,P,African Christian Democratic Party (ACDP),54762,2.7,1
WC,2019,P,Vryheidsfront Plus (VF Plus),32115,1.6,1
WC,2019,P,Al Jama-ah (ALJAMA),17607,0.9,1
WC,2019,P,Independent Civic Organisation of South Africa (ICOSA),9536,0.5,
WC,2019,P,Cape Party/ Kaapse Party (CAPE),9331,0.5,
WC,2019,P,Congress of the People (COPE),6528,0.3,
WC,2019,P,Alliance for Transformation for All (ATA),6175,0.3,
WC,2019,P,Land Party (LAND),5926,0.3,
WC,2019,P,United Democratic Movement (UDM),5728,0.3,
WC,2019,P,African Transformation Movement (ATM),4953,0.2,
WC,2019,P,Plaaslike Besorgde Inwoners (PBI),3852,0.2,
WC,2019,P,Pan Africanist Congress of Azania (PAC),3845,0.2,
WC,2019,P,Socialist Revolutionary Workers Party (SRWP),3026,0.1,
WC,2019,P,African Independent Congress (AIC),2898,0.1,
WC,2019,P,The Green Party of South Africa (GPGP),2613,0.1,
WC,2019,P,National Freedom Party (NFP),2240,0.1,
WC,2019,P,Khoisan Revolution (KSR),1854,0.1,
WC,2019,P,Dienslewerings Party (DLRP),1703,0.1,
WC,2019,P,Karoo Democratic Force (KDF),1512,0.1,
WC,2019,P,African Covenant (ACO),993,0.0,
WC,2019,P,African People's Convention (APC),915,0.0,
WC,2019,P,People's Republic of South Africa (PROSA),710,0.0,
WC,2019,P,Inkatha Freedom Party (IFP),599,0.0,
WC,2019,P,All Things Are Possible (ATAP),556,0.0,
WC,2019,P,African Progressive Movement (APMO),531,0.0,
WC,2019,P,Azanian People's Organisation (AZAPO),475,0.0,
WC,2019,P,Free Democrats (FREE DEMS),470,0.0,
WC,2019,P,New South Africa Party (NEWSA),444,0.0,
WC,2019,P,Forum 4 Service Delivery (F4SD),310,0.0,
WC,2019,P,African Content Movement (ACM),257,0.0,
ZZ,2019,N,Registered Electors,7092,,
ZZ,2019,N,Voters,19909,,
ZZ,2019,N,Invalid (Spoilt) Votes,27,0.1,
ZZ,2019,N,Valid Votes,19882,99.9,
ZZ,2019,N,Democratic Alliance (DA),14802,74.4,
ZZ,2019,N,African National Congress (ANC),2153,10.8,
ZZ,2019,N,Vryheidsfront Plus (VF Plus),908,4.6,
ZZ,2019,N,Economic Freedom Fighters (EFF),765,3.8,
ZZ,2019,N,African Christian Democratic Party (ACDP),338,1.7,
ZZ,2019,N,Capitalist Party of South Africa (ZACP),232,1.2,
ZZ,2019,N,Congress of the People (COPE),182,0.9,
ZZ,2019,N,United Democratic Movement (UDM),118,0.6,
ZZ,2019,N,GOOD (GOOD),110,0.6,
ZZ,2019,N,Front Nasionaal/Front National (FN),47,0.2,
ZZ,2019,N,Women Forward (WF),34,0.2,
ZZ,2019,N,Pan Africanist Congress of Azania (PAC),33,0.2,
ZZ,2019,N,Al Jama-ah (ALJAMA),30,0.2,
ZZ,2019,N,Socialist Revolutionary Workers Party (SRWP),22,0.1,
ZZ,2019,N,Inkatha Freedom Party (IFP),19,0.1,
ZZ,2019,N,African Covenant (ACO),11,0.1,
ZZ,2019,N,Azanian People's Organisation (AZAPO),10,0.1,
ZZ,2019,N,Black First Land First (BLF),9,0.0,
ZZ,2019,N,African Transformation Movement (ATM),9,0.0,
ZZ,2019,N,Agang South Africa (AGANG SA),7,0.0,
ZZ,2019,N,Minority Front (MF),6,0.0,
ZZ,2019,N,African Democratic Change (ADEC),6,0.0,
ZZ,2019,N,National Freedom Party (NFP),5,0.0,
ZZ,2019,N,Independent Civic Organisation of South Africa (ICOSA),3,0.0,
ZZ,2019,N,African Independent Congress (AIC),3,0.0,
ZZ,2019,N,African Security Congress (ASC),3,0.0,
ZZ,2019,N,Free Democrats (FREE DEMS),3,0.0,
ZZ,2019,N,Afrikan Alliance of Social Democrats (AASD),3,0.0,
ZZ,2019,N,African People's Convention (APC),2,0.0,
ZZ,2019,N,Democratic Liberal Congress (DLC),2,0.0,
ZZ,2019,N,Christian Political Movement (CPM),2,0.0,
ZZ,2019,N,Land Party (LAND),2,0.0,
ZZ,2019,N,Better Residents Association (BRA),1,0.0,
ZZ,2019,N,African Congress of Democrats (A.C.D.),1,0.0,
ZZ,2019,N,South African National Congress of Traditional Authorities (SANCOTA),1,0.0,
ZZ,2019,N,Patriotic Alliance (PA),0,0.0,
ZZ,2019,N,South African Maintenance and Estate Beneficiaries Association (SAMEBA),0,0.0,
ZZ,2019,N,International Revelation Congress (IRC),0,0.0,
ZZ,2019,N,People's Revolutionary Movement (PRM),0,0.0,
ZZ,2019,N,Forum 4 Service Delivery (F4SD),0,0.0,
ZZ,2019,N,National Peoples Ambassadors (NPA),0,0.0,
ZZ,2019,N,Economic Emancipation Forum (ECOFORUM),0,0.0,
ZZ,2019,N,Power of Africans Unity (PAU),0,0.0,
ZZ,2019,N,African Renaissance Unity (ARU),0,0.0,
ZZ,2019,N,National People's Front (NAPF),0,0.0,
ZZ,2019,N,Compatriots of South Africa (CSA),0,0.0,
ZZ,2019,N,Alliance for Transformation for All (ATA),0,0.0,
ZZ,2019,N,African Content Movement (ACM),0,0.0,